analyst,stock,symbol,call_date,last_buy_date,exit_date,position,actions,entry,current,return_pct,nifty_pct,alpha_pct,status
Kutumba Rao,AB Capital,,2026-05-27,2026-05-27,,open,Buy,,,,,,no-price
Kutumba Rao,Acutaas Chemicals,ACUTAAS.NS,2026-08-11,2026-08-11,,open,Accumulate,3243.57,3156.7,-2.7,-6.9,4.3,ok
Kutumba Rao,Adani Enterprises,ADANIENT.NS,2026-04-17,2026-04-17,,open,Buy,2217.31,2849.9,28.5,-6.5,35.0,ok
Kutumba Rao,Adani Ports,ADANIPORTS.NS,2026-05-22,2026-05-22,,open,Buy/Add,1779.4,1783.4,0.2,-4.0,4.2,ok
Kutumba Rao,Adani Power,ADANIPOWER.NS,2026-04-29,2026-07-15,,open,Buy,219.28,202.4,-7.7,-5.8,-1.9,ok
Kutumba Rao,Aditya Birla Money,BIRLAMONEY.NS,2026-04-20,2026-04-20,,open,Buy,150.81,116.45,-22.8,-6.5,-16.3,ok
Kutumba Rao,Aegis Vopak Terminals,AEGISVOPAK.NS,2026-09-08,2026-09-08,,open,Buy,290.65,293.35,0.9,-3.6,4.6,ok
Kutumba Rao,AGI Greenpac,AGI.NS,2026-05-07,2026-07-03,,open,Buy,628.68,786.4,25.1,-6.4,31.5,ok
Kutumba Rao,AGS Transact Technologies,AGSTRA.NS,2026-06-24,2026-06-24,,open,Buy,2.69,2.45,-8.9,-5.2,-3.7,ok
Kutumba Rao,Amara Raja Energy & Mobility,ARE&M.NS,2026-05-26,2026-06-16,,open,Add/Buy,884.0,742.9,-16.0,-4.8,-11.2,ok
Kutumba Rao,Amber Enterprises,AMBER.NS,2026-07-03,2026-07-03,,open,Buy,7484.5,6869.0,-8.2,-6.2,-2.1,ok
Kutumba Rao,Ambuja Cements,AMBUJACEM.NS,2026-04-28,2026-07-17,,open,Buy,456.54,361.55,-20.8,-5.1,-15.7,ok
Kutumba Rao,Anantaraj,,2025-12-09,2025-12-09,,open,Buy,,,,,,no-price
Kutumba Rao,Anantraj,ANANTRAJ.NS,2026-02-23,2026-02-23,,open,Buy,546.75,608.9,11.4,-11.4,22.8,ok
Kutumba Rao,Anoop Engineering,ANUP.NS,2026-06-17,2026-06-17,,open,Buy,2118.65,1575.9,-25.6,-5.4,-20.2,ok
Kutumba Rao,Apar Industries,APARINDS.NS,2026-07-09,2026-07-09,,open,Accumulate,14021.32,18016.0,28.5,-5.0,33.4,ok
Kutumba Rao,Apcotex Industries,APCOTEXIND.NS,2026-08-06,2026-08-06,,open,Accumulate,620.6,610.7,-1.6,-7.5,6.0,ok
Kutumba Rao,Archean Chemicals,,2026-08-17,2026-08-17,,open,Buy,,,,,,no-price
Kutumba Rao,Arvind,ARVINDFASN.NS,2026-08-20,2026-08-20,,open,Buy,428.3,406.4,-5.1,-6.0,0.9,ok
Kutumba Rao,Ashok Leyland,ASHOKLEY.NS,2025-12-23,2026-04-10,,open,Buy/Buy on dips,174.98,153.7,-12.2,-13.0,0.8,ok
Kutumba Rao,"Asset Management Companies (AMCs, e.g. Nippon Life AMC)",,2026-04-06,2026-04-06,,open,Buy,,,,,,no-price
Kutumba Rao,Astra Microwave Products,ASTRAMICRO.NS,2026-07-13,2026-09-01,,open,Accumulate/Buy,1717.27,1705.9,-0.7,-5.9,5.3,ok
Kutumba Rao,Ather Energy,ATHERENERG.NS,2026-04-07,2026-07-15,,open,Accumulate/Add/Buy,761.0,1446.0,90.0,-1.5,91.5,ok
Kutumba Rao,Avantel,AVANTEL.NS,2025-12-09,2025-12-09,2026-02-10,closed,Accumulate,142.36,150.15,5.5,0.4,5.1,ok
Kutumba Rao,Avanti Feeds,AVANTIFEED.NS,2026-02-13,2026-07-22,,open,Accumulate/Add,1408.38,714.1,-49.3,-10.6,-38.7,ok
Kutumba Rao,AXISCADES,AXISCADES.NS,2026-09-01,2026-09-01,,open,Buy,1644.2,2288.5,39.2,-5.3,44.5,ok
Kutumba Rao,Bajaj Finance,BAJFINANCE.NS,2026-06-23,2026-06-23,,open,Buy,956.52,963.1,0.7,-4.4,5.1,ok
Kutumba Rao,Bajaj Holdings,BAJAJHLDNG.NS,2026-04-02,2026-04-02,,open,Buy,8830.96,10600.0,20.0,0.3,19.8,ok
Kutumba Rao,Bajaj Housing Finance,BAJAJHFL.NS,2026-03-25,2026-03-25,2026-06-16,closed,Accumulate/Add/Buy,79.13,85.9,8.6,2.9,5.6,ok
Kutumba Rao,Bandhan Small Cap Fund,,2026-04-15,2026-04-21,,open,Buy,,,,,,no-price
Kutumba Rao,"Bank Nifty 52,000 Put",,2026-03-27,2026-03-27,,open,Buy,,,,,,no-price
Kutumba Rao,Bank of Baroda,BANKBARODA.NS,2026-07-28,2026-07-28,2026-09-28,closed,Accumulate,239.2,227.5,-4.9,-5.0,0.1,ok
Kutumba Rao,Bank of India,BANKINDIA.NS,2026-03-19,2026-03-19,,open,Buy,141.16,132.16,-6.4,-1.0,-5.4,ok
Kutumba Rao,Bans (Bansal Wire / Bans),,2026-05-25,2026-05-25,,open,Accumulate,,,,,,no-price
Kutumba Rao,Bharat Electronics (BEL),BEL.NS,2026-04-06,2026-06-25,,open,Add/Buy on dips,426.57,387.4,-9.2,-0.8,-8.3,ok
Kutumba Rao,Bharat Forge,BHARATFORG.NS,2025-12-17,2025-12-17,,open,Accumulate,1407.42,1880.0,33.6,-11.8,45.4,ok
Kutumba Rao,Bharti Airtel,BHARTIARTL.NS,2026-02-27,2026-02-27,,open,Buy,1855.94,1810.5,-2.4,-9.5,7.1,ok
Kutumba Rao,Biocon,BIOCON.NS,2025-12-09,2026-08-27,,open,Accumulate/Add/Buy,383.19,369.1,-3.7,-11.9,8.2,ok
Kutumba Rao,Blue Star,BLUESTARCO.NS,2026-05-19,2026-05-19,,open,Add on dips,1673.79,1571.5,-6.1,-3.6,-2.5,ok
Kutumba Rao,BSE,BSE.NS,2026-02-12,2026-02-12,2026-03-05,closed,Buy,3134.94,2754.14,-12.1,-4.0,-8.1,ok
Kutumba Rao,Canara Bank,CANBK.NS,2026-02-11,2026-06-01,,open,Accumulate/Add/Buy on dips,140.86,117.82,-16.4,-12.2,-4.1,ok
Kutumba Rao,Canara Robeco,CRAMC.NS,2026-04-09,2026-04-09,,open,Buy,252.37,224.88,-10.9,-4.2,-6.7,ok
Kutumba Rao,Capital Infra Trust,CAPINVIT-IV.NS,2026-06-30,2026-06-30,,open,Accumulate,,,,,,no-data
Kutumba Rao,Capson,,2026-07-17,2026-07-17,,open,Buy,,,,,,no-price
Kutumba Rao,Capston,,2026-07-21,2026-07-21,,open,Buy,,,,,,no-price
Kutumba Rao,Capstone,,2026-07-03,2026-09-03,,open,Accumulate/Buy,,,,,,no-price
Kutumba Rao,Capstone Services,,2026-09-28,2026-09-30,,open,Buy,,,,,,no-price
Kutumba Rao,Carborundum Universal,CARBORUNIV.NS,2026-05-07,2026-05-07,,open,Buy,1001.01,1269.6,26.8,-6.4,33.2,ok
Kutumba Rao,CCL Products,CCL.NS,2026-02-12,2026-02-12,,open,Accumulate,991.39,1054.9,6.4,-11.7,18.2,ok
Kutumba Rao,CDSL,CDSL.NS,2026-05-25,2026-07-16,,open,Accumulate/Buy,1206.4,1263.4,4.7,-5.2,9.9,ok
Kutumba Rao,CFF Fluid Control,,2026-09-25,2026-09-25,,open,Buy,,,,,,no-price
Kutumba Rao,CG Power,CGPOWER.NS,2026-02-11,2026-06-23,,open,Accumulate/Add/Buy,685.6,912.0,33.0,-12.2,45.3,ok
Kutumba Rao,Coal India,COALINDIA.NS,2026-02-17,2026-08-19,,open,Accumulate/Buy,405.43,411.65,1.5,-11.5,13.0,ok
Kutumba Rao,Cummins India,CUMMINSIND.NS,2026-05-26,2026-05-26,,open,Add,5373.93,4919.0,-8.5,-4.8,-3.7,ok
Kutumba Rao,Cupid,CUPID.NS,2026-04-02,2026-06-16,2026-09-30,closed,Accumulate,87.54,311.65,256.0,-0.4,256.4,ok
Kutumba Rao,Dalmia Bharat,DALMIASUG.NS,2025-12-23,2025-12-23,,open,Accumulate,293.53,453.0,54.3,-13.0,67.3,ok
Kutumba Rao,DCB Bank,DCBBANK.NS,2026-02-26,2026-04-15,,open,Buy,186.32,200.78,7.8,-10.7,18.4,ok
Kutumba Rao,Deepak Fertilisers,DEEPAKFERT.NS,2026-09-09,2026-09-09,,open,Accumulate,1357.8,1385.6,2.0,-2.8,4.8,ok
Kutumba Rao,Deepak Nitrite,DEEPAKNTR.NS,2026-08-20,2026-08-20,,open,Buy,1750.4,1560.6,-10.8,-6.0,-4.8,ok
Kutumba Rao,Deep Industries,DEEPINDS.NS,2026-09-08,2026-09-08,,open,Buy,818.7,748.95,-8.5,-3.6,-4.9,ok
Kutumba Rao,Delhivery,DELHIVERY.NS,2026-10-06,2026-10-06,,open,Accumulate,,,,,,no-data
Kutumba Rao,DigiLogic,,2026-08-04,2026-09-25,,open,Buy,,,,,,no-price
Kutumba Rao,Dixon Technologies,DIXON.NS,2025-12-09,2025-12-09,2025-12-23,closed,Accumulate/Buy,13506.61,12822.13,-5.1,1.3,-6.4,ok
Kutumba Rao,Dr. Reddy's Laboratories,DRREDDY.NS,2026-02-26,2026-07-22,,open,Accumulate/Buy,1310.99,1208.0,-7.9,-10.7,2.8,ok
Kutumba Rao,Endurance Technologies,ENDURANCE.NS,2026-08-20,2026-08-20,,open,Buy,3001.7,2516.0,-16.2,-6.0,-10.2,ok
Kutumba Rao,Engineers India,ENGINERSIN.NS,2026-06-24,2026-06-24,,open,Accumulate,251.62,313.3,24.5,-5.2,29.7,ok
Kutumba Rao,Enter Technologies,,2026-06-30,2026-06-30,,open,Add,,,,,,no-price
Kutumba Rao,Eris Lifesciences,ERIS.NS,2026-02-25,2026-02-25,,open,Buy,1372.83,1184.7,-13.7,-10.6,-3.1,ok
Kutumba Rao,Escorts Kubota,ESCORTS.NS,2026-08-20,2026-08-20,,open,Buy,3092.1,2811.7,-9.1,-6.0,-3.1,ok
Kutumba Rao,Eternal (Zomato),ETERNAL.NS,2026-03-10,2026-03-10,2026-07-09,closed,Add,226.62,292.45,29.0,-1.2,30.3,ok
Kutumba Rao,Fairchem Organics,FAIRCHEMOR.NS,2026-06-25,2026-06-25,,open,Buy,633.5,679.3,7.2,-5.3,12.6,ok
Kutumba Rao,Finolex Cables,FINCABLES.NS,2026-06-23,2026-06-23,,open,Buy,1149.02,1474.0,28.3,-4.4,32.7,ok
Kutumba Rao,Finotex Chemicals,,2026-05-19,2026-05-19,,open,Buy on dips,,,,,,no-price
Kutumba Rao,Force Motors,FORCEMOT.NS,2026-07-16,2026-07-16,,open,Accumulate,18452.5,17110.0,-7.3,-5.4,-1.9,ok
Kutumba Rao,Fractal Analytics,FRACTAL.NS,2026-07-09,2026-07-09,,open,Buy,841.25,742.15,-11.8,-5.0,-6.8,ok
Kutumba Rao,Gandhar Oil Refinery,GANDHAR.NS,2026-07-31,2026-07-31,,open,Accumulate,223.25,282.5,26.5,-6.6,33.1,ok
Kutumba Rao,Garden Reach Shipbuilders,GRSE.NS,2026-04-29,2026-05-19,,open,Add on dips/Buy,3063.9,2137.3,-30.2,-5.8,-24.4,ok
Kutumba Rao,GMR Airports,GMRAIRPORT.NS,2026-04-10,2026-07-21,,open,Buy/Buy / switch into,95.25,93.06,-2.3,-5.3,3.0,ok
Kutumba Rao,Godrej Properties,GODREJPROP.NS,2025-12-17,2025-12-17,,open,Buy,2005.21,1610.0,-19.7,-11.8,-7.9,ok
Kutumba Rao,Gold ETF (Tata Gold ETF / Nippon Gold BeES / ICICI Pru Gold),,2026-01-28,2026-01-28,,open,Accumulate,,,,,,no-price
Kutumba Rao,Granules India,GRANULES.NS,2026-05-07,2026-05-07,,open,Buy,741.95,836.4,12.7,-6.4,19.1,ok
Kutumba Rao,Groww,GROWW.NS,2026-02-09,2026-10-05,,open,Buy,166.18,193.19,16.3,-12.0,28.2,ok
Kutumba Rao,Happiest Minds Technologies,HAPPSTMNDS.NS,2026-08-18,2026-09-21,,open,Accumulate/Buy,419.95,303.35,-27.8,-5.7,-22.1,ok
Kutumba Rao,Havells,HAVELLS.NS,2026-05-07,2026-05-07,,open,Buy,1262.61,1057.0,-16.3,-6.4,-9.9,ok
Kutumba Rao,HBL Engineering,HBLENGINE.NS,2026-02-09,2026-02-09,2026-02-27,closed,Buy,770.24,683.8,-11.2,-2.7,-8.6,ok
Kutumba Rao,HDFC Bank,HDFCBANK.NS,2026-03-19,2026-04-21,,open,Accumulate/Buy,785.21,711.45,-9.4,-1.0,-8.4,ok
Kutumba Rao,HDFC Large and Mid Cap Fund,,2026-02-10,2026-02-10,,open,Buy,,,,,,no-price
Kutumba Rao,Healthcare Global Enterprises,HCG.NS,2026-02-11,2026-02-11,,open,Buy,611.45,680.55,11.3,-12.2,23.5,ok
Kutumba Rao,HEG,HEG.NS,2026-09-08,2026-09-08,,open,Buy,258.6,233.77,-9.6,-4.6,-5.0,ok
Kutumba Rao,Heritage Foods,HERITGFOOD.NS,2026-02-16,2026-07-17,,open,Accumulate/Buy,347.48,406.1,16.9,-11.3,28.2,ok
Kutumba Rao,Himadri Speciality Chemical,HSCL.NS,2026-06-25,2026-06-25,,open,Buy,678.1,668.55,-1.4,-5.3,3.9,ok
Kutumba Rao,Hindalco,HINDALCO.NS,2026-03-16,2026-03-16,,open,Buy,916.37,940.5,2.6,-2.7,5.3,ok
Kutumba Rao,Hindustan Unilever,HINDUNILVR.NS,2025-12-09,2025-12-09,,open,Buy,2283.28,1895.2,-17.0,-11.9,-5.1,ok
Kutumba Rao,Hitachi Energy,POWERINDIA.NS,2026-02-06,2026-05-25,,open,Accumulate/Buy,21865.78,31640.0,44.7,-11.4,56.1,ok
Kutumba Rao,Hospital sector (KIMS / Fortis / Apollo Hospitals),,2026-05-07,2026-05-07,,open,Buy,,,,,,no-price
Kutumba Rao,Hyundai Motors,HYUNDAI.NS,2026-04-10,2026-04-10,2026-05-27,closed,Buy (long term),1779.41,1895.5,6.5,-0.6,7.1,ok
Kutumba Rao,ICICI Bank,ICICIBANK.NS,2026-08-18,2026-08-18,,open,Buy,1412.0,1342.8,-4.9,-5.7,0.8,ok
Kutumba Rao,IDBI Bank,IDBI.NS,2026-05-22,2026-06-16,,open,Add/Add/Average,72.65,87.01,19.8,-4.0,23.7,ok
Kutumba Rao,IDFC First Bank,IDFCFIRSTB.NS,2026-08-10,2026-08-10,,open,Buy,85.1,81.56,-4.2,-7.4,3.2,ok
Kutumba Rao,IL&FS Investment Managers,IVC.NS,2026-09-04,2026-09-04,,open,Buy,9.45,8.0,-15.4,-4.7,-10.7,ok
Kutumba Rao,IndiaMART,INDIAMART.NS,2026-08-20,2026-08-20,,open,Buy,1749.2,1592.9,-8.9,-6.0,-2.9,ok
Kutumba Rao,Indian Hotels,INDHOTEL.NS,2026-09-28,2026-09-28,,open,Buy,711.0,736.0,3.5,-0.0,3.5,ok
Kutumba Rao,Indo Farm Equipment,INDOFARM.NS,2026-01-30,2026-01-30,,open,Accumulate,179.68,134.32,-25.2,-10.0,-15.2,ok
Kutumba Rao,Info Edge (Naukri),NAUKRI.NS,2026-05-22,2026-06-24,,open,Accumulate/Buy on dips,957.99,1241.0,29.5,-4.0,33.5,ok
Kutumba Rao,Infosys,INFY.NS,2026-02-17,2026-04-13,2026-05-13,closed,Accumulate/Buy,1361.73,1099.31,-19.3,-9.0,-10.3,ok
Kutumba Rao,Invesco Small Cap Fund,,2026-04-15,2026-04-15,,open,Buy,,,,,,no-price
Kutumba Rao,IRB InvIT,IRBINVIT-IV.NS,2026-02-10,2026-02-10,,open,Buy,,,,,,no-data
Kutumba Rao,IRFC,IRFC.NS,2026-02-25,2026-02-25,2026-08-06,closed,Buy,103.46,89.29,-13.7,-3.3,-10.4,ok
Kutumba Rao,ITC,ITC.NS,2026-05-22,2026-05-22,,open,Accumulate,293.7,266.7,-9.2,-4.0,-5.2,ok
Kutumba Rao,ITC Hotels,ITCHOTELS.NS,2025-12-05,2026-09-04,,open,Accumulate/Buy,204.57,160.21,-21.7,-13.0,-8.7,ok
Kutumba Rao,"IT sector (TCS, Infosys, HCL Tech)",,2026-07-14,2026-07-14,,open,Accumulate,,,,,,no-price
Kutumba Rao,"IT / tech stocks (TCS, Infosys)",,2026-02-16,2026-02-16,,open,Accumulate,,,,,,no-price
Kutumba Rao,Jindal Saw,JINDALSAW.NS,2026-03-16,2026-03-16,,open,Accumulate,194.87,282.4,44.9,-2.7,47.6,ok
Kutumba Rao,Jio Financial Services,JIOFIN.NS,2026-02-26,2026-04-29,,open,Buy/Buy / switch into,255.55,217.9,-14.7,-10.7,-4.1,ok
Kutumba Rao,JSW Energy,JSWENERGY.NS,2026-02-12,2026-02-12,,open,Add,477.87,494.9,3.6,-11.7,15.3,ok
Kutumba Rao,JSW Infrastructure,JSWINFRA.NS,2026-04-13,2026-04-13,,open,Accumulate,260.77,363.05,39.2,-4.5,43.7,ok
Kutumba Rao,Jupiter Wagons,JWL.NS,2026-05-19,2026-05-19,,open,Accumulate,270.9,224.64,-17.1,-3.6,-13.5,ok
Kutumba Rao,Kalyan Jewellers,KALYANKJIL.NS,2026-04-07,2026-04-07,2026-05-18,closed,Accumulate,412.67,344.69,-16.5,2.3,-18.7,ok
Kutumba Rao,Kennametal,KENNAMET.NS,2026-09-03,2026-09-03,,open,Buy,4532.2,4268.6,-5.8,-4.6,-1.2,ok
Kutumba Rao,KIMS (Krishna Institute of Medical Sciences),KIMS.NS,2025-12-11,2026-09-29,,open,Buy,658.2,693.4,5.3,-12.1,17.4,ok
Kutumba Rao,KIMS Hospitals,,2026-09-21,2026-09-21,,open,Buy,,,,,,no-price
Kutumba Rao,Kirloskar Oil Engines,KIRLOSENG.NS,2026-04-20,2026-04-20,,open,Buy,1636.44,2266.1,38.5,-6.5,45.0,ok
Kutumba Rao,Kotak Flexi Cap Fund,,2026-02-10,2026-02-10,,open,Buy,,,,,,no-price
Kutumba Rao,Kotak Mahindra Bank,KOTAKBANK.NS,2026-02-20,2026-02-20,,open,Buy,420.62,431.9,2.7,-10.9,13.6,ok
Kutumba Rao,KP Energy,,2026-07-13,2026-07-13,2026-08-20,closed,Accumulate/Buy,,,,,,no-price
Kutumba Rao,KPI Green Energy,KPIGREEN.NS,2026-02-09,2026-02-09,,open,Add,418.38,326.8,-21.9,-12.0,-9.9,ok
Kutumba Rao,Krishna Defence,KRISHNADEF.NS,2026-09-25,2026-09-25,,open,Buy,1006.8,1312.3,30.3,-1.6,31.9,ok
Kutumba Rao,KSH International,KSHINTL.NS,2026-07-09,2026-07-09,,open,Buy,848.2,1034.1,21.9,-5.0,26.9,ok
Kutumba Rao,Kwality Wall's (India),KWIL.NS,2026-08-13,2026-08-13,,open,Buy,36.94,38.29,3.7,-6.6,10.3,ok
Kutumba Rao,L&T,LT.NS,2025-12-09,2026-08-13,,open,Buy,3958.83,3770.0,-4.8,-11.9,7.1,ok
Kutumba Rao,Laser Power,LASERPOWER.NS,2026-08-19,2026-08-19,,open,Accumulate,322.5,278.8,-13.6,-5.4,-8.1,ok
Kutumba Rao,Laurus Labs,LAURUSLABS.NS,2025-12-11,2026-07-15,,open,Accumulate/Buy,1018.29,2050.0,101.3,-12.1,113.4,ok
Kutumba Rao,LG Electronics,LGEINDIA.NS,2026-04-10,2026-04-10,,open,Buy (long term),1477.7,1758.6,19.0,-5.3,24.3,ok
Kutumba Rao,LIC,LICI.NS,2026-05-22,2026-08-05,,open,Accumulate/Buy,397.16,390.0,-1.8,-4.0,2.2,ok
Kutumba Rao,LIC Housing Finance,LICHSGFIN.NS,2026-07-09,2026-07-09,2026-09-07,closed,Buy,529.18,552.0,4.3,-0.8,5.1,ok
Kutumba Rao,L&T Finance,LTF.NS,2026-02-24,2026-02-24,2026-02-27,closed,Add,294.42,281.06,-4.5,-1.0,-3.6,ok
Kutumba Rao,Mahindra & Mahindra,M&M.NS,2025-12-23,2026-08-04,,open,Accumulate/Buy,3587.43,2855.0,-20.4,-13.0,-7.4,ok
Kutumba Rao,Manorama Industries,MANORAMA.NS,2026-03-19,2026-04-15,,open,Accumulate/Buy,1271.01,1985.6,56.2,-1.0,57.2,ok
Kutumba Rao,Maruti Suzuki,MARUTI.NS,2026-02-11,2026-02-11,,open,Accumulate,15258.76,11625.0,-23.8,-12.2,-11.6,ok
Kutumba Rao,Mazagon Dock,MAZDOCK.NS,2026-03-25,2026-09-17,,open,Accumulate/Add/Buy,2251.83,2101.0,-6.7,-2.3,-4.4,ok
Kutumba Rao,MCX,MCX.NS,2026-04-17,2026-04-17,,open,Buy on dips,2849.12,3310.0,16.2,-6.5,22.7,ok
Kutumba Rao,Micron,,2026-05-07,2026-05-07,2026-07-31,closed,Buy,,,,,,no-price
Kutumba Rao,Mirae Asset Large and Mid Cap Fund,,2026-02-10,2026-02-10,,open,Buy,,,,,,no-price
Kutumba Rao,Mold-Tek Packaging,MOLDTKPAC.NS,2026-09-23,2026-09-23,,open,Buy,679.95,678.0,-0.3,-2.9,2.6,ok
Kutumba Rao,MosChip,MOSCHIP.NS,2026-09-29,2026-09-29,,open,Accumulate,198.47,197.7,-0.4,0.3,-0.7,ok
Kutumba Rao,Motilal Oswal Financial Services,MOTILALOFS.NS,2026-02-17,2026-02-17,,open,Buy,782.6,1081.15,38.1,-11.5,49.6,ok
Kutumba Rao,MTAR Technologies,MTARTECH.NS,2026-04-08,2026-09-15,,open,Buy/Buy on dips,4140.4,7718.5,86.4,-5.1,91.5,ok
Kutumba Rao,Narayana Hrudayalaya,NH.NS,2026-02-12,2026-02-12,,open,Buy,1860.78,1723.8,-7.4,-11.7,4.4,ok
Kutumba Rao,Natco Pharma,NATCOPHARM.NS,2026-03-19,2026-07-23,,open,Accumulate/Buy,936.48,823.65,-12.0,-1.0,-11.1,ok
Kutumba Rao,Nava,NAVA.NS,2026-04-15,2026-09-10,,open,Accumulate,617.48,575.0,-6.9,-6.0,-0.9,ok
Kutumba Rao,NCC,NCC.NS,2025-12-23,2026-04-29,,open,Accumulate/Add/Buy,158.36,128.47,-18.9,-13.0,-5.9,ok
Kutumba Rao,NephroPlus Health Services,,2025-12-11,2025-12-11,,open,Buy,,,,,,no-price
Kutumba Rao,NetWeb Technologies,NETWEB.NS,2026-02-27,2026-05-19,,open,Accumulate on dips/Buy,3858.99,4746.2,23.0,-9.5,32.5,ok
Kutumba Rao,Nifty BeES / Bank Nifty BeES,NIFTYBEES.NS,2026-04-13,2026-09-08,,open,Buy,269.52,258.89,-3.9,-4.5,0.5,ok
Kutumba Rao,"Nifty 23,000 Put (next series)",,2026-03-27,2026-03-27,,open,Buy,,,,,,no-price
Kutumba Rao,Nifty ETF,IVZINNIFTY.NS,2026-02-10,2026-02-10,,open,Buy,2962.5,261.31,-91.2,-12.2,-79.0,ok
Kutumba Rao,Nifty Top 10 Equal Weight Index,,2026-03-27,2026-03-27,,open,Buy,,,,,,no-price
Kutumba Rao,Nippon India Small Cap Fund,,2026-02-10,2026-02-10,,open,Buy,,,,,,no-price
Kutumba Rao,NLC India,NLCINDIA.NS,2026-04-08,2026-04-08,,open,Buy,269.3,254.9,-5.3,-5.1,-0.3,ok
Kutumba Rao,NSDL,,2026-02-19,2026-02-19,,open,Buy,,,,,,no-price
Kutumba Rao,NTPC,NTPC.NS,2026-02-20,2026-08-19,,open,Accumulate/Buy,368.96,321.45,-12.9,-10.9,-1.9,ok
Kutumba Rao,Ola Electric,OLAELEC.NS,2026-04-06,2026-04-10,2026-09-09,closed,"Buy (medium-term, small/risky)/Buy on dips",29.19,37.31,27.8,2.0,25.8,ok
Kutumba Rao,Olectra Greentech,OLECTRA.NS,2026-05-11,2026-07-22,,open,Buy,1369.31,1102.9,-19.5,-4.4,-15.1,ok
Kutumba Rao,Pace Digitech,,2026-06-24,2026-06-24,,open,Buy,,,,,,no-price
Kutumba Rao,Pace Digitek,PACEDIGITK.NS,2026-07-17,2026-07-17,,open,Buy,201.98,166.28,-17.7,-6.4,-11.3,ok
Kutumba Rao,Paradeep Phosphates,PARADEEP.NS,2026-09-03,2026-09-03,,open,Accumulate,152.03,156.76,3.1,-4.6,7.7,ok
Kutumba Rao,Patanjali Foods,PATANJALI.NS,2026-05-27,2026-05-27,,open,Buy,451.78,363.0,-19.7,-4.7,-14.9,ok
Kutumba Rao,Paytm,,2026-07-14,2026-08-17,,open,Buy,,,,,,no-price
Kutumba Rao,PB Fintech,POLICYBZR.NS,2026-09-25,2026-09-25,,open,Buy,1166.0,1034.9,-11.2,-1.6,-9.7,ok
Kutumba Rao,PFC (Power Finance Corporation),PFC.NS,2026-02-18,2026-02-20,,open,Accumulate/Buy,404.85,322.6,-20.3,-11.8,-8.5,ok
Kutumba Rao,PG Electroplast,PGEL.NS,2026-04-06,2026-04-06,,open,Buy (medium/long-term only),451.44,527.65,16.9,-0.8,17.7,ok
Kutumba Rao,PG InvIT,,2026-06-30,2026-06-30,,open,Buy,,,,,,no-price
Kutumba Rao,Phillips Carbon Black (PCBL),PCBL.NS,2026-07-03,2026-07-03,,open,Buy,316.73,327.7,3.5,-6.2,9.6,ok
Kutumba Rao,Pidilite,PIDILITIND.NS,2026-04-07,2026-04-07,,open,Buy,1285.84,1520.5,18.2,-1.5,19.8,ok
Kutumba Rao,Piramal Pharma (PPL Pharma),PPLPHARMA.NS,2026-07-13,2026-08-17,,open,Buy,173.63,200.52,15.5,-5.9,21.4,ok
Kutumba Rao,PNB,PNB.NS,2026-02-20,2026-02-20,,open,Add,125.93,111.92,-11.1,-10.9,-0.2,ok
Kutumba Rao,Polycab,POLYCAB.NS,2026-02-27,2026-02-27,,open,Buy,8569.84,8147.0,-4.9,-9.5,4.6,ok
Kutumba Rao,Poonawalla,POONAWALLA.NS,2025-12-09,2026-07-15,,open,Accumulate/Buy,455.3,460.45,1.1,-11.9,13.0,ok
Kutumba Rao,Power Mech Projects,POWERMECH.NS,2026-02-27,2026-09-04,,open,Buy,2075.62,2426.0,16.9,-9.5,26.4,ok
Kutumba Rao,Power Sector ETF,,2026-08-17,2026-08-17,,open,Buy,,,,,,no-price
Kutumba Rao,Praj Industries,PRAJIND.NS,2026-04-20,2026-04-20,2026-06-18,closed,Buy,352.46,339.26,-3.7,-0.8,-2.9,ok
Kutumba Rao,Precision Wires,PRECWIRE.NS,2026-03-19,2026-03-19,,open,Accumulate,299.08,515.15,72.2,-1.0,73.2,ok
Kutumba Rao,Pricol,PRICOLLTD.NS,2026-09-03,2026-09-10,,open,Buy,768.4,677.65,-11.8,-4.6,-7.2,ok
Kutumba Rao,Quality Walls,,2026-02-18,2026-02-18,,open,Buy,,,,,,no-price
Kutumba Rao,Radico Khaitan,RADICO.NS,2025-12-11,2026-05-25,,open,Accumulate/Buy,3192.62,4460.1,39.7,-12.1,51.8,ok
Kutumba Rao,Rainbow Hospitals,RAINBOW.NS,2026-04-08,2026-06-30,,open,Accumulate/Buy,1268.12,1239.7,-2.2,-5.1,2.8,ok
Kutumba Rao,Ratnaveer Precision,RATNAVEER.NS,2026-07-28,2026-07-28,,open,Buy,186.17,335.25,80.1,-5.0,85.1,ok
Kutumba Rao,Recall,,2026-07-17,2026-07-17,,open,Buy,,,,,,no-price
Kutumba Rao,Reliance Industries,RELIANCE.NS,2026-02-02,2026-03-13,,open,Accumulate/Add,1384.0,1218.0,-12.0,-9.2,-2.8,ok
Kutumba Rao,Rolex Rings,ROLEXRINGS.NS,2026-02-09,2026-02-09,,open,Buy,128.25,188.18,46.7,-12.0,58.7,ok
Kutumba Rao,RR Kabel,,2026-03-02,2026-03-02,,open,Buy,,,,,,no-price
Kutumba Rao,RVNL,RVNL.NS,2026-04-06,2026-04-06,2026-06-09,closed,Buy (medium/long-term only),260.74,233.16,-10.6,1.2,-11.8,ok
Kutumba Rao,Sai Parentals,,2026-07-09,2026-07-09,,open,Buy,,,,,,no-price
Kutumba Rao,Sai Parenterals,SAIPARENT.NS,2026-05-12,2026-09-30,,open,Add/Buy,473.25,522.9,10.5,-2.6,13.1,ok
Kutumba Rao,Samvardhana Motherson International,MOTHERSON.NS,2026-05-26,2026-05-26,,open,Add,135.58,160.0,18.0,-4.8,22.8,ok
Kutumba Rao,Sandhar Technologies,SANDHAR.NS,2026-08-07,2026-08-07,,open,Buy,662.4,558.1,-15.7,-7.3,-8.4,ok
Kutumba Rao,Sansera Engineering,SANSERA.NS,2026-04-15,2026-09-10,,open,Accumulate/Buy,2338.44,4232.9,81.0,-6.0,87.0,ok
Kutumba Rao,Satin Creditcare,SATIN.NS,2026-05-12,2026-05-12,,open,Buy,225.08,228.35,1.5,-2.6,4.0,ok
Kutumba Rao,SBFC Finance,SBFC.NS,2026-02-09,2026-02-09,2026-07-15,closed,Buy,97.39,93.17,-4.3,-6.9,2.6,ok
Kutumba Rao,State Bank of India,SBIN.NS,2026-02-09,2026-09-29,,open,Accumulate/Buy/Buy on dips,1125.71,958.75,-14.8,-12.0,-2.9,ok
Kutumba Rao,SBI Life,SBILIFE.NS,2026-07-09,2026-07-09,,open,Buy,1821.7,1750.0,-3.9,-5.0,1.0,ok
Kutumba Rao,Schneider Electric / Techno Electric / GE Vernova,,2026-04-28,2026-04-28,,open,Add,,,,,,no-price
Kutumba Rao,SCTL,,2026-09-28,2026-09-28,,open,Buy,,,,,,no-price
Kutumba Rao,Sezzle India,,2026-02-20,2026-02-20,,open,Accumulate,,,,,,no-price
Kutumba Rao,Shadowfax,SHADOWFAX.NS,2026-10-06,2026-10-06,,open,Buy,,,,,,no-data
Kutumba Rao,Shilchar Technologies,SHILCTECH.NS,2026-04-15,2026-04-15,,open,Buy,4775.08,4094.2,-14.3,-6.0,-8.3,ok
Kutumba Rao,Shilpa Medicare,SHILPAMED.NS,2026-08-17,2026-08-20,,open,Buy,808.79,1073.7,32.8,-6.2,39.0,ok
Kutumba Rao,Shriram Finance,SHRIRAMFIN.NS,2026-07-09,2026-07-09,,open,Buy,1031.7,965.05,-6.5,-5.0,-1.5,ok
Kutumba Rao,Siemens Energy,ENRIN.NS,2026-04-29,2026-06-01,,open,Add/Buy,3310.0,3307.5,-0.1,-5.8,5.7,ok
Kutumba Rao,SMS Pharma,SMSPHARMA.NS,2026-02-12,2026-06-01,,open,Accumulate/Add/Buy,350.5,472.2,34.7,-11.7,46.5,ok
Kutumba Rao,Sona BLW,SONACOMS.NS,2026-08-07,2026-09-03,,open,Accumulate/Buy,818.05,820.0,0.2,-7.3,7.5,ok
Kutumba Rao,Sona Comstar,,2026-09-15,2026-09-15,,open,Buy,,,,,,no-price
Kutumba Rao,SP Apparels,,2026-08-20,2026-08-20,,open,Buy,,,,,,no-price
Kutumba Rao,Spic,SPIC.NS,2025-12-09,2025-12-09,,open,Buy,78.06,63.05,-19.2,-11.9,-7.4,ok
Kutumba Rao,Standard Glass Lining,,2026-06-16,2026-06-16,,open,Buy,,,,,,no-price
Kutumba Rao,Steel Exchange India,STEELXIND.NS,2026-04-24,2026-04-24,,open,Buy,9.99,11.46,14.7,-4.7,19.4,ok
Kutumba Rao,"Steel / TMT companies (good, strong names)",,2026-04-24,2026-04-24,,open,Buy,,,,,,no-price
Kutumba Rao,Suzlon,SUZLON.NS,2025-12-05,2026-04-20,2026-08-19,closed,Accumulate/Add/Buy,51.74,46.77,-9.6,-8.1,-1.6,ok
Kutumba Rao,Syrma SGS,SYRMA.NS,2026-04-21,2026-04-21,,open,Buy on dip,984.94,1685.1,71.1,-7.3,78.4,ok
Kutumba Rao,Tata Capital,TATACAP.NS,2026-02-09,2026-02-09,,open,Accumulate,350.56,322.1,-8.1,-12.0,3.8,ok
Kutumba Rao,Tata Motors (Commercial Vehicle / PV),,2026-04-10,2026-04-10,,open,Buy on dips,,,,,,no-price
Kutumba Rao,Tata Motors Passenger Vehicles,TATAMOTORS.NS,2026-09-08,2026-09-21,,open,Accumulate/Add,,,,,,no-price
Kutumba Rao,Tata Power,TATAPOWER.NS,2026-04-29,2026-04-29,,open,Buy,448.72,351.65,-21.6,-5.8,-15.8,ok
Kutumba Rao,TCS,TCS.NS,2026-04-13,2026-04-20,,open,Buy,2426.22,2100.0,-13.4,-4.5,-9.0,ok
Kutumba Rao,TD Power Systems,TDPOWERSYS.NS,2026-05-22,2026-05-22,,open,Buy on dips,646.87,816.0,26.1,-4.0,30.1,ok
Kutumba Rao,Transformers and Rectifiers (TARIL),TARIL.NS,2026-04-20,2026-04-20,,open,Buy,321.06,283.65,-11.7,-6.5,-5.1,ok
Kutumba Rao,Triveni Engineering,TRIVENI.NS,2026-07-22,2026-07-22,,open,Buy,274.29,241.97,-11.8,-5.1,-6.7,ok
Kutumba Rao,Triveni Turbine,TRITURBINE.NS,2026-08-27,2026-08-27,,open,Add,581.43,536.1,-7.8,-5.5,-2.3,ok
Kutumba Rao,Turtlemint Fintech,TURTLEMINT.NS,2026-08-18,2026-09-28,,open,Buy,145.75,68.91,-52.7,-5.7,-47.0,ok
Kutumba Rao,TVS Motors,TVSMOTOR.NS,2026-04-17,2026-07-15,,open,Add/Buy,3735.8,3981.0,6.6,-6.5,13.0,ok
Kutumba Rao,TVS Supply Chain Solutions,TVSSCS.NS,2026-02-17,2026-02-17,,open,Buy,126.77,130.67,3.1,-11.5,14.5,ok
Kutumba Rao,Ujjivan Small Finance Bank,UJJIVANSFB.NS,2026-05-20,2026-05-20,,open,Add,53.53,65.19,21.8,-3.7,25.5,ok
Kutumba Rao,UPL,UPL.NS,2025-12-09,2025-12-09,,open,Accumulate,732.61,509.55,-30.4,-11.9,-18.6,ok
Kutumba Rao,Valectra,,2026-07-16,2026-07-16,,open,Buy,,,,,,no-price
Kutumba Rao,Varun Beverages (VBL),VBL.NS,2026-05-21,2026-05-21,2026-07-23,closed,Accumulate,519.27,458.54,-11.7,0.9,-12.6,ok
Kutumba Rao,VA Tech Wabag,WABAG.NS,2026-02-25,2026-07-16,,open,Buy,1253.74,2006.9,60.1,-10.6,70.7,ok
Kutumba Rao,Vedanta,VEDL.NS,2025-12-17,2026-02-02,2026-02-20,closed,Accumulate/Add/Buy,560.44,671.24,19.8,-1.0,20.7,ok
Kutumba Rao,Vimta Labs,VIMTALABS.NS,2026-03-18,2026-08-31,,open,Accumulate/Add/Buy,430.11,577.4,34.2,-4.2,38.5,ok
Kutumba Rao,Vinati Organics,VINATIORGA.NS,2026-07-13,2026-07-13,,open,Buy,1325.61,1179.5,-11.0,-5.9,-5.1,ok
Kutumba Rao,Vishal Mega Mart,VMM.NS,2026-03-25,2026-04-07,2026-07-13,closed,Accumulate,107.81,116.21,7.8,3.9,3.9,ok
Kutumba Rao,Viyash Scientific (formerly Sequent Scientific),,2026-06-23,2026-06-23,,open,Buy,,,,,,no-price
Kutumba Rao,Waaree Energies,WAAREEENER.NS,2026-02-26,2026-05-25,2026-08-19,closed,Buy,2715.57,2676.9,-1.4,-5.6,4.1,ok
Kutumba Rao,Waaree Scientific,,2026-09-15,2026-09-15,,open,Buy,,,,,,no-price
Kutumba Rao,Windlas Biotech,WINDLAS.NS,2026-02-02,2026-02-02,,open,Buy,848.69,1036.2,22.1,-9.2,31.3,ok
Kutumba Rao,Yadarth Hospitals,,2026-08-17,2026-08-17,,open,Buy,,,,,,no-price
Kutumba Rao,Yatharth Hospitals,YATHARTH.NS,2026-06-16,2026-06-16,2026-09-28,closed,Buy,827.66,1100.4,33.0,-5.0,38.0,ok
Kranthi,Acutaas Chemical,ACUTAAS.NS,2026-07-24,2026-07-24,,open,Add,3257.06,3156.7,-3.1,-4.2,1.1,ok
Kranthi,Aditya Infotech,CPPLUS.NS,2026-07-27,2026-07-27,,open,Add,3557.8,3976.0,11.8,-5.1,16.8,ok
Kranthi,Amara Raja,ARE&M.NS,2026-07-02,2026-07-02,,open,Add,857.61,742.9,-13.4,-5.8,-7.6,ok
Kranthi,Anoop Engineering,ANUP.NS,2026-06-17,2026-06-17,,open,Accumulate,2118.65,1575.9,-25.6,-5.4,-20.2,ok
Kranthi,Apollo Micro Systems,APOLLO.NS,2026-09-08,2026-09-25,,open,Add,417.64,408.05,-2.3,-3.6,1.3,ok
Kranthi,Ather Energy,ATHERENERG.NS,2026-04-01,2026-07-27,,open,Add,771.05,1446.0,87.5,0.4,87.1,ok
Kranthi,Avantel,AVANTEL.NS,2026-09-25,2026-09-25,,open,Add,155.94,151.08,-3.1,-1.6,-1.5,ok
Kranthi,Bandhan Small Cap Fund,,2026-04-21,2026-04-21,,open,Accumulate,,,,,,no-price
Kranthi,Bharat Electronics,BEL.NS,2025-12-29,2026-08-10,,open,Add/Buy,391.05,387.4,-0.9,-12.2,11.3,ok
Kranthi,Belrise Industries,BELRISE.NS,2026-01-07,2026-01-07,,open,Add,183.09,236.81,29.3,-12.9,42.2,ok
Kranthi,Bharat Dynamics (BDL),BDL.NS,2026-06-22,2026-09-29,,open,Add/Buy,1406.23,1101.8,-21.6,-5.5,-16.1,ok
Kranthi,Blue Jet Healthcare,BLUEJET.NS,2026-07-02,2026-07-02,,open,Add,567.01,538.15,-5.1,-5.8,0.7,ok
Kranthi,Blue Star,BLUESTARCO.NS,2026-05-19,2026-05-19,,open,Add,1673.79,1571.5,-6.1,-3.6,-2.5,ok
Kranthi,Canara Bank,CANBK.NS,2026-04-07,2026-04-07,,open,Buy,125.37,117.82,-6.0,-1.5,-4.5,ok
Kranthi,Centum Electronics,CENTUM.NS,2026-09-21,2026-09-21,,open,Add,4739.2,4451.0,-6.1,-2.7,-3.4,ok
Kranthi,CFF Fluid Control,,2026-09-17,2026-09-17,,open,Add,,,,,,no-price
Kranthi,CG Power,CGPOWER.NS,2026-06-22,2026-07-27,,open,Add,962.55,912.0,-5.3,-5.5,0.3,ok
Kranthi,CIE Automotive,CIEINDIA.NS,2026-08-07,2026-08-07,,open,Add,410.5,379.0,-7.7,-7.3,-0.4,ok
Kranthi,Clean Science,CLEAN.NS,2026-06-25,2026-08-04,,open,Add/Buy,775.4,823.15,6.2,-5.3,11.5,ok
Kranthi,Cochin Shipyard,COCHINSHIP.NS,2026-06-22,2026-09-25,,open,Accumulate/Add/Buy,1474.74,1282.0,-13.1,-5.5,-7.6,ok
Kranthi,Coforge,COFORGE.NS,2026-06-02,2026-06-02,,open,Buy,1515.97,1849.7,22.0,-3.0,25.0,ok
Kranthi,Concord Biotech,CONCORDBIO.NS,2026-07-13,2026-07-13,,open,Buy,1343.65,1368.8,1.9,-5.9,7.8,ok
Kranthi,CSB Bank (Catholic Syrian Bank),,2026-07-20,2026-07-20,,open,Add,,,,,,no-price
Kranthi,Eternal,ETERNAL.NS,2026-07-27,2026-07-27,,open,Add,295.85,329.0,11.2,-5.1,16.3,ok
Kranthi,Fineotex Chemicals,,2026-07-24,2026-07-24,,open,Add,,,,,,no-price
Kranthi,Garden Reach Shipbuilders & Engineers,GRSE.NS,2026-09-25,2026-09-25,,open,Buy,2319.0,2137.3,-7.8,-1.6,-6.3,ok
Kranthi,GE Vernova,GVT&D.NS,2026-07-01,2026-08-10,,open,Add/Buy,4883.61,4245.1,-13.1,-5.1,-8.0,ok
Kranthi,Godavari Biorefineries,GODAVARIB.NS,2026-07-21,2026-09-21,,open,Accumulate/Buy,280.15,228.57,-18.4,-5.8,-12.6,ok
Kranthi,Godfrey Phillips,GODFRYPHLP.NS,2026-07-01,2026-07-01,,open,Accumulate,2128.47,1900.0,-10.7,-5.1,-5.6,ok
Kranthi,GRM Overseas,GRMOVER.NS,2026-06-05,2026-06-05,,open,Accumulate,152.18,79.04,-48.1,-2.5,-45.5,ok
Kranthi,Groww,GROWW.NS,2026-08-10,2026-08-10,,open,Buy,193.34,193.19,-0.1,-7.4,7.3,ok
Kranthi,HCL Technologies,HCLTECH.NS,2026-07-14,2026-07-14,,open,Accumulate,1154.91,1204.4,4.3,-5.3,9.6,ok
Kranthi,HDFC,HDFCBANK.NS,2026-06-19,2026-09-25,,open,Accumulate/Add/Buy,779.8,711.45,-8.8,-5.2,-3.6,ok
Kranthi,Heritage Foods,HERITGFOOD.NS,2026-07-17,2026-07-17,,open,Add,331.3,406.1,22.6,-6.4,29.0,ok
Kranthi,Hero MotoCorp,HEROMOTOCO.NS,2025-12-12,2026-08-10,,open,Add/Buy,5761.31,5075.0,-11.9,-12.6,0.6,ok
Kranthi,HFCL,HFCL.NS,2026-07-27,2026-07-27,,open,Add,192.36,262.78,36.6,-5.1,41.7,ok
Kranthi,Hindustan Copper,HINDCOPPER.NS,2025-12-12,2025-12-12,2025-12-29,closed,Buy,380.25,484.83,27.5,-0.4,27.9,ok
Kranthi,Hitachi Energy (Power India),POWERINDIA.NS,2026-07-02,2026-08-10,,open,Add,33766.94,31640.0,-6.3,-5.8,-0.5,ok
Kranthi,ICICI Bank,ICICIBANK.NS,2026-08-18,2026-08-18,,open,Buy,1412.0,1342.8,-4.9,-5.7,0.8,ok
Kranthi,ICICI Prudential AMC (IPO),ICICIAMC.NS,2025-12-15,2025-12-15,,open,Buy,2562.37,3071.5,19.9,-12.3,32.2,ok
Kranthi,IGIL,IGIL.NS,2026-04-10,2026-04-10,,open,Add,337.5,319.6,-5.3,-5.3,-0.0,ok
Kranthi,Indo Farm Equipment,INDOFARM.NS,2026-06-09,2026-06-09,,open,Add,132.32,134.32,1.5,-2.0,3.5,ok
Kranthi,Info Edge,NAUKRI.NS,2025-12-29,2025-12-29,,open,Buy,1352.34,1241.0,-8.2,-12.2,4.0,ok
Kranthi,Infosys,INFY.NS,2026-07-24,2026-07-27,,open,Accumulate/Buy,1040.9,1013.85,-2.6,-4.2,1.6,ok
Kranthi,Inox India,INOXINDIA.NS,2026-04-02,2026-07-20,,open,Accumulate/Add,1240.81,2077.3,67.4,0.3,67.1,ok
Kranthi,ITC Hotels,ITCHOTELS.NS,2025-12-15,2025-12-15,,open,Accumulate,189.52,160.21,-15.5,-12.5,-3.0,ok
Kranthi,Jai Bharat Maruti,,2026-07-14,2026-07-14,,open,Buy,,,,,,no-price
Kranthi,JBM Auto,JBMA.NS,2025-12-15,2025-12-15,,open,Accumulate,575.3,555.65,-3.4,-12.5,9.1,ok
Kranthi,Jio Finance,JIOFIN.NS,2026-04-02,2026-04-02,,open,Add,228.94,217.9,-4.8,0.3,-5.1,ok
Kranthi,JK Enterprises,,2026-07-01,2026-07-01,,open,Add,,,,,,no-price
Kranthi,Jyoti CNC,JYOTICNC.NS,2026-06-25,2026-06-25,,open,Accumulate,761.45,1073.1,40.9,-5.3,46.2,ok
Kranthi,Karur Vysya Bank,KARURVYSYA.NS,2026-07-22,2026-07-22,,open,Add,336.53,325.2,-3.4,-5.1,1.7,ok
Kranthi,KEC International,KEC.NS,2026-07-20,2026-07-20,,open,Add,482.13,374.9,-22.2,-6.0,-16.2,ok
Kranthi,Kotak Mahindra Bank,KOTAKBANK.NS,2026-04-07,2026-07-13,,open,Accumulate/Buy,362.32,431.9,19.2,-1.5,20.7,ok
Kranthi,KPIT Technologies,KPITTECH.NS,2026-09-25,2026-09-25,,open,Buy,519.4,492.7,-5.1,-1.6,-3.6,ok
Kranthi,Krishna Institute of Medical Sciences (KIMS),KIMS.NS,2026-08-13,2026-08-13,,open,Buy,807.55,693.4,-14.1,-6.6,-7.5,ok
Kranthi,Lalithaa Jewellery,LALITHAA.NS,2026-08-25,2026-08-25,,open,Add,249.87,405.45,62.3,-6.4,68.7,ok
Kranthi,Laurus Labs,LAURUSLABS.NS,2025-12-15,2026-09-08,,open,Accumulate/Add,1003.9,2050.0,104.2,-12.5,116.7,ok
Kranthi,Lemon Tree Hotels,LEMONTREE.NS,2026-08-21,2026-08-21,,open,Add,108.33,110.12,1.7,-6.1,7.7,ok
Kranthi,LG Electronics,LGEINDIA.NS,2026-07-02,2026-08-27,,open,Accumulate/Add,1567.9,1758.6,12.2,-5.8,18.0,ok
Kranthi,L&T,LT.NS,2026-04-02,2026-04-02,,open,Add,3578.15,3770.0,5.4,0.3,5.1,ok
Kranthi,LT Foods,LTFOODS.NS,2026-07-02,2026-07-02,,open,Accumulate,378.75,408.15,7.8,-5.8,13.6,ok
Kranthi,LTIMindtree,,2026-06-02,2026-06-02,,open,Buy,,,,,,no-price
Kranthi,LTIM (LTIMindtree),,2026-08-10,2026-08-10,,open,Add,,,,,,no-price
Kranthi,Mahindra & Mahindra (M&M),M&M.NS,2026-05-29,2026-05-29,,open,Add,3013.95,2855.0,-5.3,-3.3,-2.0,ok
Kranthi,Manorama Industries,MANORAMA.NS,2026-07-20,2026-07-20,,open,Add,1600.49,1985.6,24.1,-6.0,30.1,ok
Kranthi,Mazagon Dock,MAZDOCK.NS,2026-03-25,2026-09-25,,open,Add/Buy,2251.83,2101.0,-6.7,-2.3,-4.4,ok
Kranthi,Mphasis,MPHASIS.NS,2026-06-02,2026-06-02,,open,Buy,2325.36,2298.0,-1.2,-3.0,1.8,ok
Kranthi,MTAR Technologies,MTARTECH.NS,2026-05-19,2026-05-19,,open,Accumulate,6810.0,7718.5,13.3,-3.6,16.9,ok
Kranthi,Narayana Hrudayalaya,NH.NS,2026-07-24,2026-07-24,,open,Add,1961.5,1723.8,-12.1,-4.2,-7.9,ok
Kranthi,Natco Pharma,NATCOPHARM.NS,2025-12-15,2025-12-15,,open,Accumulate,902.16,823.65,-8.7,-12.5,3.8,ok
Kranthi,Netweb Technologies,NETWEB.NS,2026-05-19,2026-05-19,,open,Accumulate,3744.07,4746.2,26.8,-3.6,30.3,ok
Kranthi,NSE,,2026-09-22,2026-09-22,,open,Buy,,,,,,no-price
Kranthi,NTPC,NTPC.NS,2026-06-17,2026-06-17,,open,Buy,351.75,321.45,-8.6,-5.4,-3.2,ok
Kranthi,OFIL,,2026-09-11,2026-09-11,,open,Buy,,,,,,no-price
Kranthi,Olectra Greentech,OLECTRA.NS,2026-06-02,2026-06-02,,open,Add,1284.55,1102.9,-14.1,-3.0,-11.1,ok
Kranthi,Penar Industries,,2025-12-15,2025-12-15,,open,Add,,,,,,no-price
Kranthi,Persistent Systems,PERSISTENT.NS,2026-06-02,2026-06-02,,open,Buy,5451.57,5521.0,1.3,-3.0,4.3,ok
Kranthi,Pharma sector,,2026-09-08,2026-09-08,,open,Accumulate,,,,,,no-price
Kranthi,Piramal Pharma,PPLPHARMA.NS,2026-08-21,2026-08-21,,open,Buy,213.67,200.52,-6.2,-6.1,-0.1,ok
Kranthi,Power Finance Corporation,PFC.NS,2025-12-15,2025-12-15,,open,Add,328.54,322.6,-1.8,-12.5,10.7,ok
Kranthi,Quality Power,QPOWER.NS,2026-09-08,2026-09-08,,open,Add,1518.68,1648.8,8.6,-3.6,12.2,ok
Kranthi,Radico Khaitan,RADICO.NS,2026-08-10,2026-08-10,,open,Add,4550.0,4460.1,-2.0,-7.4,5.4,ok
Kranthi,Raghav Productivity Enhancers,RPEL.NS,2026-01-07,2026-01-07,,open,Add,937.41,1835.6,95.8,-12.9,108.7,ok
Kranthi,RateGain,RATEGAIN.NS,2026-06-02,2026-06-02,,open,Add,774.8,854.45,10.3,-3.0,13.3,ok
Kranthi,Raymond,RAYMONDREL.NS,2026-07-15,2026-09-28,,open,Add,713.65,707.8,-0.8,-5.4,4.6,ok
Kranthi,Reliance Industries,RELIANCE.NS,2026-07-03,2026-07-27,,open,Accumulate,1304.0,1218.0,-6.6,-6.2,-0.4,ok
Kranthi,Rossell Techsys,ROSSTECH.NS,2026-07-20,2026-07-20,,open,Add,978.38,1612.1,64.8,-6.0,70.8,ok
Kranthi,Sai Life Sciences,SAILIFE.NS,2026-07-20,2026-09-08,,open,Add/Buy,1297.0,1558.1,20.1,-6.0,26.2,ok
Kranthi,Sai Parenterals,SAIPARENT.NS,2026-05-29,2026-05-29,,open,Buy,485.9,522.9,7.6,-3.3,10.9,ok
Kranthi,SBI,SBIN.NS,2026-04-07,2026-08-18,,open,Accumulate/Buy,1012.16,958.75,-5.3,-1.5,-3.8,ok
Kranthi,SBI Funds Management,,2026-07-21,2026-07-21,,open,Buy,,,,,,no-price
Kranthi,Schneider Electric,SCHNEIDER.NS,2026-07-22,2026-07-22,,open,Add,1342.3,1274.0,-5.1,-5.1,-0.0,ok
Kranthi,SCTL [as heard],,2026-07-27,2026-07-27,,open,Buy,,,,,,no-price
Kranthi,Sem India,,2026-07-01,2026-07-01,,open,Add,,,,,,no-price
Kranthi,Shriram Finance,SHRIRAMFIN.NS,2026-07-27,2026-07-27,,open,Add,1038.2,965.05,-7.0,-5.1,-2.0,ok
Kranthi,Siemens Energy,ENRIN.NS,2026-06-02,2026-06-02,,open,Add,3623.3,3307.5,-8.7,-3.0,-5.7,ok
Kranthi,SKF India,SKFINDIA.NS,2026-08-21,2026-08-21,,open,Add,1596.5,1461.9,-8.4,-6.1,-2.3,ok
Kranthi,Sona BLW Precision Forgings,SONACOMS.NS,2026-09-08,2026-09-08,,open,Add,804.0,820.0,2.0,-3.6,5.6,ok
Kranthi,Sonata Software,SONATSOFTW.NS,2025-12-29,2025-12-29,,open,Add,349.23,252.05,-27.8,-12.2,-15.6,ok
Kranthi,South Indian Bank,SOUTHBANK.NS,2026-07-22,2026-07-22,,open,Add,47.53,47.23,-0.6,-5.1,4.4,ok
Kranthi,TCS,TCS.NS,2026-04-10,2026-04-10,,open,Add,2476.95,2100.0,-15.2,-5.3,-9.9,ok
Kranthi,TD Power Systems,TDPOWERSYS.NS,2026-07-01,2026-10-05,,open,Buy,596.07,816.0,36.9,-5.1,42.0,ok
Kranthi,Tejas Networks,TEJASNET.NS,2026-06-17,2026-06-17,,open,Buy,602.0,475.85,-21.0,-5.4,-15.5,ok
Kranthi,Tenneco,TENNIND.NS,2026-04-02,2026-07-02,,open,Accumulate/Add,531.45,494.15,-7.0,0.3,-7.3,ok
Kranthi,Titan,TITAN.NS,2025-12-15,2026-08-05,,open,Accumulate/Add,3853.56,4550.0,18.1,-12.5,30.6,ok
Kranthi,TTK Healthcare,TTKHLTCARE.NS,2026-09-21,2026-09-21,,open,Add,1073.3,1033.7,-3.7,-2.7,-1.0,ok
Kranthi,TVS Motors,TVSMOTOR.NS,2026-07-15,2026-09-09,,open,Add/Buy,3612.3,3981.0,10.2,-5.4,15.6,ok
Kranthi,Vedanta Power,VEDPOWER.NS,2026-07-14,2026-07-14,,open,Buy,40.04,32.53,-18.8,-5.3,-13.5,ok
Kranthi,Welspun Corp,WELCORP.NS,2026-07-27,2026-07-27,,open,Add,1599.8,2660.9,66.3,-5.1,71.4,ok
Kranthi,Wipro,WIPRO.NS,2026-08-10,2026-08-10,,open,Buy,185.5,161.84,-12.8,-7.4,-5.4,ok
